datetime,code,name,open,close,high,low,volume,amount,pct_chg,amplitude
2026-06-04 09:30:00,sz001306,夏厦精密,59.59,59.59,59.59,59.59,23,137057,-0.87,0.0
2026-06-04 09:31:00,sz001306,夏厦精密,59.8,59.51,59.8,59.51,54,321519,-0.13,0.49
2026-06-04 09:32:00,sz001306,夏厦精密,59.51,59.77,59.91,59.43,135,805003,0.44,0.81
2026-06-04 09:33:00,sz001306,夏厦精密,59.82,59.65,59.87,59.64,39,232841,-0.2,0.38
2026-06-04 09:34:00,sz001306,夏厦精密,59.65,60.1,60.25,59.63,78,467897,0.75,1.04
2026-06-04 09:35:00,sz001306,夏厦精密,60.1,60.21,60.44,60.1,45,270977,0.18,0.57
2026-06-04 09:36:00,sz001306,夏厦精密,60.21,60.02,60.25,60.01,92,553386,-0.32,0.4
2026-06-04 09:37:00,sz001306,夏厦精密,60.09,60.28,60.3,60.09,117,703512,0.43,0.35
2026-06-04 09:38:00,sz001306,夏厦精密,60.15,59.86,60.15,59.85,102,612079,-0.7,0.5
2026-06-04 09:39:00,sz001306,夏厦精密,59.87,60.1,60.1,59.87,8,47981,0.4,0.38
2026-06-04 09:40:00,sz001306,夏厦精密,60.16,59.69,60.16,59.69,17,101878,-0.68,0.78
2026-06-04 09:41:00,sz001306,夏厦精密,59.25,59.8,59.8,59.25,47,280230,0.18,0.92
2026-06-04 09:42:00,sz001306,夏厦精密,59.8,59.71,59.8,59.7,9,53800,-0.15,0.17
2026-06-04 09:43:00,sz001306,夏厦精密,59.7,59.64,59.75,59.64,124,740179,-0.12,0.18
2026-06-04 09:44:00,sz001306,夏厦精密,59.64,59.54,59.68,59.54,20,119301,-0.17,0.23
2026-06-04 09:45:00,sz001306,夏厦精密,59.55,59.53,59.68,59.5,30,178637,-0.02,0.3
2026-06-04 09:46:00,sz001306,夏厦精密,59.58,59.8,59.9,59.58,19,113590,0.45,0.54
2026-06-04 09:47:00,sz001306,夏厦精密,59.63,59.77,59.77,59.63,18,107530,-0.05,0.23
2026-06-04 09:48:00,sz001306,夏厦精密,59.7,59.67,59.7,59.67,53,316319,-0.17,0.05
2026-06-04 09:49:00,sz001306,夏厦精密,59.79,59.84,59.84,59.76,36,215245,0.28,0.13
2026-06-04 09:50:00,sz001306,夏厦精密,59.76,59.66,59.76,59.66,41,244676,-0.3,0.17
2026-06-04 09:51:00,sz001306,夏厦精密,59.66,59.76,59.76,59.6,44,262488,0.17,0.27
2026-06-04 09:52:00,sz001306,夏厦精密,59.77,59.82,59.82,59.66,27,161295,0.1,0.27
2026-06-04 09:53:00,sz001306,夏厦精密,59.67,59.58,59.68,59.58,28,166994,-0.4,0.17
2026-06-04 09:54:00,sz001306,夏厦精密,59.63,59.58,59.68,59.58,70,417368,0.0,0.17
2026-06-04 09:55:00,sz001306,夏厦精密,59.6,59.85,59.85,59.6,158,944032,0.45,0.42
2026-06-04 09:56:00,sz001306,夏厦精密,59.9,60.05,60.16,59.9,59,354525,0.33,0.43
2026-06-04 09:57:00,sz001306,夏厦精密,60.15,60.33,60.33,60.05,76,457477,0.47,0.47
2026-06-04 09:58:00,sz001306,夏厦精密,60.38,60.4,60.5,60.37,96,580043,0.12,0.22
2026-06-04 09:59:00,sz001306,夏厦精密,60.5,60.33,60.5,60.24,27,162915,-0.12,0.43
2026-06-04 10:00:00,sz001306,夏厦精密,60.15,60.41,60.42,60.15,21,126599,0.13,0.45
2026-06-04 10:01:00,sz001306,夏厦精密,60.18,60.21,60.21,60.18,39,234703,-0.33,0.05
2026-06-04 10:02:00,sz001306,夏厦精密,60.21,60.39,60.39,60.18,37,222806,0.3,0.35
2026-06-04 10:03:00,sz001306,夏厦精密,60.34,60.2,60.42,60.2,68,410423,-0.31,0.36
2026-06-04 10:04:00,sz001306,夏厦精密,60.41,60.41,60.45,60.41,43,259830,0.35,0.07
2026-06-04 10:05:00,sz001306,夏厦精密,60.28,60.4,60.4,60.27,45,271566,-0.02,0.22
2026-06-04 10:06:00,sz001306,夏厦精密,60.45,60.7,60.7,60.37,167,1010634,0.5,0.55
2026-06-04 10:07:00,sz001306,夏厦精密,60.75,60.66,60.75,60.57,91,552174,-0.07,0.3
2026-06-04 10:08:00,sz001306,夏厦精密,60.66,60.57,60.66,60.55,95,575659,-0.15,0.18
2026-06-04 10:09:00,sz001306,夏厦精密,60.64,60.8,60.8,60.64,90,546442,0.38,0.26
2026-06-04 10:10:00,sz001306,夏厦精密,60.8,60.56,60.8,60.51,64,387797,-0.39,0.48
2026-06-04 10:11:00,sz001306,夏厦精密,60.54,60.3,60.54,60.3,24,145078,-0.43,0.4
2026-06-04 10:12:00,sz001306,夏厦精密,60.51,60.48,60.58,60.48,48,290653,0.3,0.17
2026-06-04 10:13:00,sz001306,夏厦精密,60.67,60.64,60.67,60.48,53,321350,0.26,0.31
2026-06-04 10:14:00,sz001306,夏厦精密,60.64,60.75,60.75,60.35,36,218325,0.18,0.66
2026-06-04 10:15:00,sz001306,夏厦精密,60.75,60.81,61.0,60.75,291,1770417,0.1,0.41
2026-06-04 10:16:00,sz001306,夏厦精密,60.89,60.79,60.89,60.79,35,212825,-0.03,0.16
2026-06-04 10:17:00,sz001306,夏厦精密,60.79,60.71,60.79,60.58,14,85069,-0.13,0.35
2026-06-04 10:18:00,sz001306,夏厦精密,60.67,60.5,60.67,60.5,7,42409,-0.35,0.28
2026-06-04 10:19:00,sz001306,夏厦精密,60.64,60.64,60.64,60.64,1,6064,0.23,0.0
2026-06-04 10:20:00,sz001306,夏厦精密,60.65,60.65,60.65,60.65,14,84910,0.02,0.0
2026-06-04 10:21:00,sz001306,夏厦精密,60.5,60.57,60.57,60.5,3,18157,-0.13,0.12
2026-06-04 10:22:00,sz001306,夏厦精密,60.64,60.63,60.64,60.5,37,224187,0.1,0.23
2026-06-04 10:23:00,sz001306,夏厦精密,60.63,60.63,60.63,60.63,0,0,0.0,0.0
2026-06-04 10:24:00,sz001306,夏厦精密,60.55,60.54,60.55,60.54,16,96743,-0.15,0.02
2026-06-04 10:25:00,sz001306,夏厦精密,60.48,60.39,60.5,60.39,7,42331,-0.25,0.18
2026-06-04 10:26:00,sz001306,夏厦精密,60.47,60.47,60.47,60.47,9,54423,0.13,0.0
2026-06-04 10:27:00,sz001306,夏厦精密,60.47,60.47,60.47,60.47,7,42329,0.0,0.0
2026-06-04 10:28:00,sz001306,夏厦精密,60.47,60.47,60.47,60.47,1,6047,0.0,0.0
2026-06-04 10:29:00,sz001306,夏厦精密,60.47,60.5,60.5,60.47,15,90730,0.05,0.05
2026-06-04 10:30:00,sz001306,夏厦精密,60.4,60.5,60.5,60.4,23,138958,0.0,0.17
2026-06-04 10:31:00,sz001306,夏厦精密,60.39,60.38,60.39,60.38,11,66427,-0.2,0.02
2026-06-04 10:32:00,sz001306,夏厦精密,60.35,60.3,60.35,60.3,6,36192,-0.13,0.08
2026-06-04 10:33:00,sz001306,夏厦精密,60.3,60.3,60.3,60.3,39,235145,0.0,0.0
2026-06-04 10:34:00,sz001306,夏厦精密,60.3,60.21,60.3,60.21,17,102459,-0.15,0.15
2026-06-04 10:35:00,sz001306,夏厦精密,60.41,60.41,60.41,60.41,1,6041,0.33,0.0
2026-06-04 10:36:00,sz001306,夏厦精密,60.41,60.41,60.41,60.41,0,0,0.0,0.0
2026-06-04 10:37:00,sz001306,夏厦精密,60.2,60.3,60.3,60.15,17,102335,-0.18,0.25
2026-06-04 10:38:00,sz001306,夏厦精密,60.15,60.11,60.15,60.11,4,24048,-0.32,0.07
2026-06-04 10:39:00,sz001306,夏厦精密,60.06,60.0,60.06,60.0,41,246076,-0.18,0.1
2026-06-04 10:40:00,sz001306,夏厦精密,60.0,59.91,60.0,59.91,6,35958,-0.15,0.15
2026-06-04 10:41:00,sz001306,夏厦精密,60.0,60.1,60.1,59.9,92,551533,0.32,0.33
2026-06-04 10:42:00,sz001306,夏厦精密,60.1,60.1,60.1,60.1,0,0,0.0,0.0
2026-06-04 10:43:00,sz001306,夏厦精密,60.1,60.1,60.1,60.1,0,0,0.0,0.0
2026-06-04 10:44:00,sz001306,夏厦精密,60.0,59.93,60.0,59.93,53,317671,-0.28,0.12
2026-06-04 10:45:00,sz001306,夏厦精密,59.92,59.92,59.92,59.92,16,95872,-0.02,0.0
2026-06-04 10:46:00,sz001306,夏厦精密,59.92,59.75,59.92,59.75,14,83742,-0.28,0.28
2026-06-04 10:47:00,sz001306,夏厦精密,59.9,59.9,59.9,59.9,35,209650,0.25,0.0
2026-06-04 10:48:00,sz001306,夏厦精密,59.93,59.93,59.93,59.93,4,23972,0.05,0.0
2026-06-04 10:49:00,sz001306,夏厦精密,59.9,59.9,59.9,59.9,2,11980,-0.05,0.0
2026-06-04 10:50:00,sz001306,夏厦精密,59.89,59.94,59.94,59.89,20,119865,0.07,0.08
2026-06-04 10:51:00,sz001306,夏厦精密,59.98,60.08,60.11,59.85,47,282099,0.23,0.43
2026-06-04 10:52:00,sz001306,夏厦精密,60.05,60.07,60.07,60.05,14,84089,-0.02,0.03
2026-06-04 10:53:00,sz001306,夏厦精密,59.9,59.82,59.9,59.82,10,59882,-0.42,0.13
2026-06-04 10:54:00,sz001306,夏厦精密,59.81,59.81,59.81,59.81,2,11962,-0.02,0.0
2026-06-04 10:55:00,sz001306,夏厦精密,59.81,59.81,59.81,59.81,9,53829,0.0,0.0
2026-06-04 10:56:00,sz001306,夏厦精密,59.81,59.81,59.81,59.81,0,0,0.0,0.0
2026-06-04 10:57:00,sz001306,夏厦精密,59.81,59.8,59.81,59.76,4,23917,-0.02,0.08
2026-06-04 10:58:00,sz001306,夏厦精密,59.8,59.75,59.8,59.75,13,77682,-0.08,0.08
2026-06-04 10:59:00,sz001306,夏厦精密,59.74,59.75,59.75,59.68,19,113442,0.0,0.12
2026-06-04 11:00:00,sz001306,夏厦精密,59.79,59.83,59.83,59.79,5,29902,0.13,0.07
2026-06-04 11:01:00,sz001306,夏厦精密,59.83,59.83,59.83,59.83,0,0,0.0,0.0
2026-06-04 11:02:00,sz001306,夏厦精密,59.83,59.83,59.83,59.83,0,0,0.0,0.0
2026-06-04 11:03:00,sz001306,夏厦精密,59.72,59.72,59.72,59.72,14,83608,-0.18,0.0
2026-06-04 11:04:00,sz001306,夏厦精密,59.7,59.72,59.72,59.7,2,11942,0.0,0.03
2026-06-04 11:05:00,sz001306,夏厦精密,59.76,59.85,59.85,59.76,8,47834,0.22,0.15
2026-06-04 11:06:00,sz001306,夏厦精密,59.85,59.85,59.85,59.85,4,23940,0.0,0.0
2026-06-04 11:07:00,sz001306,夏厦精密,59.74,59.74,59.74,59.74,25,149350,-0.18,0.0
2026-06-04 11:08:00,sz001306,夏厦精密,59.74,59.74,59.74,59.74,2,11948,0.0,0.0
2026-06-04 11:09:00,sz001306,夏厦精密,59.74,59.8,59.8,59.74,5,29879,0.1,0.1
2026-06-04 11:10:00,sz001306,夏厦精密,59.75,59.83,59.83,59.75,7,41838,0.05,0.13
2026-06-04 11:11:00,sz001306,夏厦精密,59.75,59.74,59.75,59.74,2,11949,-0.15,0.02
2026-06-04 11:12:00,sz001306,夏厦精密,59.72,59.57,59.72,59.57,102,608786,-0.28,0.25
2026-06-04 11:13:00,sz001306,夏厦精密,59.52,59.21,59.53,59.21,39,231806,-0.6,0.54
2026-06-04 11:14:00,sz001306,夏厦精密,59.48,59.5,59.5,59.48,22,130860,0.49,0.03
2026-06-04 11:15:00,sz001306,夏厦精密,59.5,59.5,59.5,59.5,0,0,0.0,0.0
2026-06-04 11:16:00,sz001306,夏厦精密,59.5,59.6,59.61,59.5,20,119180,0.17,0.18
2026-06-04 11:17:00,sz001306,夏厦精密,59.6,59.6,59.6,59.6,0,0,0.0,0.0
2026-06-04 11:18:00,sz001306,夏厦精密,59.6,59.6,59.6,59.6,0,0,0.0,0.0
2026-06-04 11:19:00,sz001306,夏厦精密,59.6,59.58,59.6,59.58,12,71498,-0.03,0.03
2026-06-04 11:20:00,sz001306,夏厦精密,59.5,59.5,59.5,59.5,27,160658,-0.13,0.0
2026-06-04 11:21:00,sz001306,夏厦精密,59.56,59.56,59.56,59.56,1,5956,0.1,0.0
2026-06-04 11:22:00,sz001306,夏厦精密,59.5,59.5,59.5,59.5,1,5950,-0.1,0.0
2026-06-04 11:23:00,sz001306,夏厦精密,59.5,59.45,59.5,59.45,5,29733,-0.08,0.08
2026-06-04 11:24:00,sz001306,夏厦精密,59.45,59.46,59.46,59.44,38,225939,0.02,0.03
2026-06-04 11:25:00,sz001306,夏厦精密,59.46,59.43,59.46,59.43,2,11889,-0.05,0.05
2026-06-04 11:26:00,sz001306,夏厦精密,59.46,59.38,59.46,59.38,5,29704,-0.08,0.13
2026-06-04 11:27:00,sz001306,夏厦精密,59.38,59.38,59.38,59.38,0,0,0.0,0.0
2026-06-04 11:28:00,sz001306,夏厦精密,59.38,59.41,59.41,59.38,29,172218,0.05,0.05
2026-06-04 11:29:00,sz001306,夏厦精密,59.41,59.41,59.41,59.41,0,0,0.0,0.0
2026-06-04 11:30:00,sz001306,夏厦精密,59.42,59.42,59.42,59.42,1,5942,0.02,0.0
2026-06-04 13:01:00,sz001306,夏厦精密,59.51,59.51,59.51,59.42,90,534798,0.15,0.15
2026-06-04 13:02:00,sz001306,夏厦精密,59.49,59.46,59.49,59.46,4,23792,-0.08,0.05
2026-06-04 13:03:00,sz001306,夏厦精密,59.43,59.42,59.44,59.42,7,41601,-0.07,0.03
2026-06-04 13:04:00,sz001306,夏厦精密,59.41,59.38,59.41,59.38,6,35637,-0.07,0.05
2026-06-04 13:05:00,sz001306,夏厦精密,59.32,59.3,59.4,59.3,38,225564,-0.13,0.17
2026-06-04 13:06:00,sz001306,夏厦精密,59.29,59.29,59.29,59.29,1,5929,-0.02,0.0
2026-06-04 13:07:00,sz001306,夏厦精密,59.31,59.31,59.31,59.3,34,201624,0.03,0.02
2026-06-04 13:08:00,sz001306,夏厦精密,59.3,59.37,59.37,59.3,34,201670,0.1,0.12
2026-06-04 13:09:00,sz001306,夏厦精密,59.39,59.36,59.41,59.36,16,95015,-0.02,0.08
2026-06-04 13:10:00,sz001306,夏厦精密,59.29,59.22,59.29,59.22,72,426952,-0.24,0.12
2026-06-04 13:11:00,sz001306,夏厦精密,59.22,59.2,59.22,59.2,89,526968,-0.03,0.03
2026-06-04 13:12:00,sz001306,夏厦精密,59.21,59.22,59.22,59.21,8,47370,0.03,0.02
2026-06-04 13:13:00,sz001306,夏厦精密,59.36,59.23,59.36,59.23,20,118645,0.02,0.22
2026-06-04 13:14:00,sz001306,夏厦精密,59.39,59.46,59.46,59.39,34,201946,0.39,0.12
2026-06-04 13:15:00,sz001306,夏厦精密,59.46,59.46,59.46,59.46,0,0,0.0,0.0
2026-06-04 13:16:00,sz001306,夏厦精密,59.48,59.48,59.48,59.48,1,5948,0.03,0.0
2026-06-04 13:17:00,sz001306,夏厦精密,59.3,59.44,59.44,59.3,4,23734,-0.07,0.24
2026-06-04 13:18:00,sz001306,夏厦精密,59.31,59.32,59.32,59.31,16,94908,-0.2,0.02
2026-06-04 13:19:00,sz001306,夏厦精密,59.32,59.32,59.32,59.32,0,0,0.0,0.0
2026-06-04 13:20:00,sz001306,夏厦精密,59.35,59.32,59.35,59.32,82,486427,0.0,0.05
2026-06-04 13:21:00,sz001306,夏厦精密,59.42,59.44,59.44,59.42,3,17828,0.2,0.03
2026-06-04 13:22:00,sz001306,夏厦精密,59.35,59.45,59.46,59.35,11,65337,0.02,0.19
2026-06-04 13:23:00,sz001306,夏厦精密,59.45,59.53,59.53,59.45,7,41647,0.13,0.13
2026-06-04 13:24:00,sz001306,夏厦精密,59.5,59.5,59.5,59.5,5,29750,-0.05,0.0
2026-06-04 13:25:00,sz001306,夏厦精密,59.5,59.5,59.5,59.5,1,5950,0.0,0.0
2026-06-04 13:26:00,sz001306,夏厦精密,59.5,59.5,59.5,59.5,0,0,0.0,0.0
2026-06-04 13:27:00,sz001306,夏厦精密,59.54,59.54,59.54,59.54,4,23816,0.07,0.0
2026-06-04 13:28:00,sz001306,夏厦精密,59.54,59.56,59.56,59.51,27,160729,0.03,0.08
2026-06-04 13:29:00,sz001306,夏厦精密,59.56,59.56,59.56,59.56,1,5956,0.0,0.0
2026-06-04 13:30:00,sz001306,夏厦精密,59.5,59.5,59.5,59.5,3,17850,-0.1,0.0
2026-06-04 13:31:00,sz001306,夏厦精密,59.47,59.47,59.47,59.44,9,53520,-0.05,0.05
2026-06-04 13:32:00,sz001306,夏厦精密,59.43,59.46,59.46,59.43,3,17835,-0.02,0.05
2026-06-04 13:33:00,sz001306,夏厦精密,59.43,59.46,59.46,59.43,10,59430,0.0,0.05
2026-06-04 13:34:00,sz001306,夏厦精密,59.42,59.42,59.42,59.41,14,83179,-0.07,0.02
2026-06-04 13:35:00,sz001306,夏厦精密,59.39,59.32,59.39,59.32,4,23742,-0.17,0.12
2026-06-04 13:36:00,sz001306,夏厦精密,59.32,59.32,59.32,59.32,22,130478,0.0,0.0
2026-06-04 13:37:00,sz001306,夏厦精密,59.31,59.32,59.32,59.31,4,23726,0.0,0.02
2026-06-04 13:38:00,sz001306,夏厦精密,59.32,59.32,59.32,59.32,0,0,0.0,0.0
2026-06-04 13:39:00,sz001306,夏厦精密,59.32,59.32,59.32,59.32,3,17796,0.0,0.0
2026-06-04 13:40:00,sz001306,夏厦精密,59.4,59.4,59.4,59.4,5,29692,0.13,0.0
2026-06-04 13:41:00,sz001306,夏厦精密,59.4,59.4,59.42,59.4,10,59410,0.0,0.03
2026-06-04 13:42:00,sz001306,夏厦精密,59.4,59.46,59.46,59.4,5,29712,0.1,0.1
2026-06-04 13:43:00,sz001306,夏厦精密,59.46,59.47,59.47,59.46,8,47572,0.02,0.02
2026-06-04 13:44:00,sz001306,夏厦精密,59.44,59.44,59.44,59.44,1,5944,-0.05,0.0
2026-06-04 13:45:00,sz001306,夏厦精密,59.44,59.44,59.44,59.44,4,23776,0.0,0.0
2026-06-04 13:46:00,sz001306,夏厦精密,59.57,59.65,59.65,59.57,53,315731,0.35,0.13
2026-06-04 13:47:00,sz001306,夏厦精密,59.65,59.64,59.65,59.64,13,77544,-0.02,0.02
2026-06-04 13:48:00,sz001306,夏厦精密,59.64,59.64,59.64,59.64,5,29820,0.0,0.0
2026-06-04 13:49:00,sz001306,夏厦精密,59.53,59.5,59.53,59.5,7,41668,-0.23,0.05
2026-06-04 13:50:00,sz001306,夏厦精密,59.4,59.46,59.48,59.37,9,53462,-0.07,0.18
2026-06-04 13:51:00,sz001306,夏厦精密,59.45,59.45,59.45,59.45,2,11890,-0.02,0.0
2026-06-04 13:52:00,sz001306,夏厦精密,59.45,59.49,59.49,59.45,17,101092,0.07,0.07
2026-06-04 13:53:00,sz001306,夏厦精密,59.43,59.49,59.49,59.43,8,47550,0.0,0.1
2026-06-04 13:54:00,sz001306,夏厦精密,59.43,59.4,59.49,59.4,17,101011,-0.15,0.15
2026-06-04 13:55:00,sz001306,夏厦精密,59.4,59.36,59.4,59.36,19,112797,-0.07,0.07
2026-06-04 13:56:00,sz001306,夏厦精密,59.42,59.42,59.42,59.42,1,5942,0.1,0.0
2026-06-04 13:57:00,sz001306,夏厦精密,59.42,59.42,59.42,59.42,1,5942,0.0,0.0
2026-06-04 13:58:00,sz001306,夏厦精密,59.42,59.42,59.42,59.42,9,53478,0.0,0.0
2026-06-04 13:59:00,sz001306,夏厦精密,59.42,59.42,59.42,59.42,0,0,0.0,0.0
2026-06-04 14:00:00,sz001306,夏厦精密,59.49,59.43,59.5,59.43,5,29734,0.02,0.12
2026-06-04 14:01:00,sz001306,夏厦精密,59.5,59.5,59.5,59.5,5,29750,0.12,0.0
2026-06-04 14:02:00,sz001306,夏厦精密,59.5,59.49,59.5,59.49,4,23805,-0.02,0.02
2026-06-04 14:03:00,sz001306,夏厦精密,59.5,59.49,59.5,59.49,6,35694,0.0,0.02
2026-06-04 14:04:00,sz001306,夏厦精密,59.5,59.57,59.57,59.5,13,77420,0.13,0.12
2026-06-04 14:05:00,sz001306,夏厦精密,59.6,59.6,59.6,59.6,1,5960,0.05,0.0
2026-06-04 14:06:00,sz001306,夏厦精密,59.51,59.51,59.51,59.51,1,5951,-0.15,0.0
2026-06-04 14:07:00,sz001306,夏厦精密,59.47,59.46,59.47,59.43,34,202205,-0.08,0.07
2026-06-04 14:08:00,sz001306,夏厦精密,59.46,59.42,59.46,59.42,9,53488,-0.07,0.07
2026-06-04 14:09:00,sz001306,夏厦精密,59.42,59.42,59.42,59.42,1,5942,0.0,0.0
2026-06-04 14:10:00,sz001306,夏厦精密,59.43,59.41,59.43,59.41,4,23766,-0.02,0.03
2026-06-04 14:11:00,sz001306,夏厦精密,59.43,59.43,59.43,59.43,2,11886,0.03,0.0
2026-06-04 14:12:00,sz001306,夏厦精密,59.41,59.32,59.41,59.32,22,130674,-0.19,0.15
2026-06-04 14:13:00,sz001306,夏厦精密,59.31,59.25,59.31,59.25,7,41508,-0.12,0.1
2026-06-04 14:14:00,sz001306,夏厦精密,59.25,59.25,59.25,59.25,0,0,0.0,0.0
2026-06-04 14:15:00,sz001306,夏厦精密,59.26,59.3,59.3,59.26,5,29646,0.08,0.07
2026-06-04 14:16:00,sz001306,夏厦精密,59.32,59.3,59.32,59.3,27,160152,0.0,0.03
2026-06-04 14:17:00,sz001306,夏厦精密,59.26,59.3,59.3,59.26,4,23708,0.0,0.07
2026-06-04 14:18:00,sz001306,夏厦精密,59.27,59.27,59.27,59.27,1,5927,-0.05,0.0
2026-06-04 14:19:00,sz001306,夏厦精密,59.27,59.23,59.27,59.23,111,657748,-0.07,0.07
2026-06-04 14:20:00,sz001306,夏厦精密,59.22,59.21,59.22,59.21,5,29608,-0.03,0.02
2026-06-04 14:21:00,sz001306,夏厦精密,59.2,59.21,59.21,59.2,4,23682,0.0,0.02
2026-06-04 14:22:00,sz001306,夏厦精密,59.15,59.11,59.15,59.11,29,171594,-0.17,0.07
2026-06-04 14:23:00,sz001306,夏厦精密,59.11,59.01,59.11,59.01,55,324821,-0.17,0.17
2026-06-04 14:24:00,sz001306,夏厦精密,59.0,58.98,59.03,58.98,189,1115086,-0.05,0.08
2026-06-04 14:25:00,sz001306,夏厦精密,58.97,59.0,59.0,58.91,82,483278,0.03,0.15
2026-06-04 14:26:00,sz001306,夏厦精密,59.0,59.08,59.08,59.0,7,41314,0.14,0.14
2026-06-04 14:27:00,sz001306,夏厦精密,59.08,59.08,59.08,59.08,0,0,0.0,0.0
2026-06-04 14:28:00,sz001306,夏厦精密,59.1,59.08,59.1,59.08,7,41366,0.0,0.03
2026-06-04 14:29:00,sz001306,夏厦精密,59.11,59.11,59.11,59.11,1,5911,0.05,0.0
2026-06-04 14:30:00,sz001306,夏厦精密,59.11,59.11,59.11,59.11,0,0,0.0,0.0
2026-06-04 14:31:00,sz001306,夏厦精密,59.27,59.15,59.29,59.15,14,82962,0.07,0.24
2026-06-04 14:32:00,sz001306,夏厦精密,59.16,59.15,59.23,59.1,30,177381,0.0,0.22
2026-06-04 14:33:00,sz001306,夏厦精密,59.15,59.3,59.3,59.15,28,165932,0.25,0.25
2026-06-04 14:34:00,sz001306,夏厦精密,59.15,59.29,59.29,59.15,12,71070,-0.02,0.24
2026-06-04 14:35:00,sz001306,夏厦精密,59.23,59.3,59.3,59.23,51,302409,0.02,0.12
2026-06-04 14:36:00,sz001306,夏厦精密,59.3,59.19,59.37,59.19,14,82946,-0.19,0.3
2026-06-04 14:37:00,sz001306,夏厦精密,59.2,59.2,59.2,59.18,23,136150,0.02,0.03
2026-06-04 14:38:00,sz001306,夏厦精密,59.2,59.18,59.2,59.18,14,82866,-0.03,0.03
2026-06-04 14:39:00,sz001306,夏厦精密,59.17,59.17,59.2,59.17,5,29588,-0.02,0.05
2026-06-04 14:40:00,sz001306,夏厦精密,59.2,59.28,59.28,59.2,6,35536,0.19,0.14
2026-06-04 14:41:00,sz001306,夏厦精密,59.28,59.28,59.28,59.28,0,0,0.0,0.0
2026-06-04 14:42:00,sz001306,夏厦精密,59.28,59.26,59.28,59.26,22,130414,-0.03,0.03
2026-06-04 14:43:00,sz001306,夏厦精密,59.34,59.26,59.34,59.26,3,17794,0.0,0.13
2026-06-04 14:44:00,sz001306,夏厦精密,59.21,59.26,59.26,59.21,5,29616,0.0,0.08
2026-06-04 14:45:00,sz001306,夏厦精密,59.26,59.26,59.26,59.26,3,17778,0.0,0.0
2026-06-04 14:46:00,sz001306,夏厦精密,59.26,59.26,59.26,59.26,0,0,0.0,0.0
2026-06-04 14:47:00,sz001306,夏厦精密,59.28,59.34,59.34,59.23,10,59251,0.13,0.19
2026-06-04 14:48:00,sz001306,夏厦精密,59.34,59.23,59.34,59.23,39,231008,-0.19,0.19
2026-06-04 14:49:00,sz001306,夏厦精密,59.34,59.23,59.34,59.23,14,83021,0.0,0.19
2026-06-04 14:50:00,sz001306,夏厦精密,59.34,59.34,59.34,59.34,2,11868,0.19,0.0
2026-06-04 14:51:00,sz001306,夏厦精密,59.34,59.34,59.34,59.34,15,88958,0.0,0.0
2026-06-04 14:52:00,sz001306,夏厦精密,59.34,59.27,59.34,59.2,57,337837,-0.12,0.24
2026-06-04 14:53:00,sz001306,夏厦精密,59.23,59.33,59.33,59.23,19,112707,0.1,0.17
2026-06-04 14:54:00,sz001306,夏厦精密,59.29,59.38,59.41,59.29,43,255235,0.08,0.2
2026-06-04 14:55:00,sz001306,夏厦精密,59.37,59.24,59.44,59.24,35,207654,-0.24,0.34
2026-06-04 14:56:00,sz001306,夏厦精密,59.38,59.25,59.38,59.23,24,142380,0.02,0.25
2026-06-04 14:57:00,sz001306,夏厦精密,59.25,59.25,59.38,59.25,34,201577,0.0,0.22
2026-06-04 14:58:00,sz001306,夏厦精密,59.25,59.25,59.25,59.25,0,0,0.0,0.0
2026-06-04 14:59:00,sz001306,夏厦精密,59.25,59.25,59.25,59.25,0,0,0.0,0.0
2026-06-04 15:00:00,sz001306,夏厦精密,59.25,59.25,59.25,59.25,29,171825,0.0,0.0
